{
  "train_loss": [
    1.73974960900706,
    0.647070048639745,
    0.6565387799787376,
    0.372740130265889,
    0.35185602485585066,
    0.33312905433536305,
    0.24935678565771852,
    0.20244363105735896,
    0.3186147022603845,
    0.1617468605560759,
    0.17553991724971246,
    0.21551774075380498,
    0.1577524830261531,
    0.16497440627587537,
    0.11189398212369783,
    0.11816164318106474,
    0.11015111604774017,
    0.10408454680632502,
    0.15411345114748629,
    0.09139991387656313,
    0.10698482887590864,
    0.10191576970466898,
    0.07883207776806563,
    0.08991879912556086,
    0.0772994923893865,
    0.08451242455812685
  ],
  "train_acc": [
    80.90490797546012,
    87.19325153374233,
    88.55444785276073,
    91.5260736196319,
    92.06288343558282,
    91.56441717791411,
    93.23236196319019,
    94.1909509202454,
    94.11426380368098,
    95.01533742331289,
    95.26457055214723,
    94.6127300613497,
    95.0536809815951,
    95.1111963190184,
    95.68634969325153,
    96.10812883435582,
    96.24233128834356,
    96.37653374233129,
    96.31901840490798,
    96.66411042944786,
    96.3957055214724,
    96.52990797546012,
    96.75996932515338,
    96.70245398773007,
    97.54601226993866,
    97.02837423312883
  ],
  "train_precision": [
    80.90920222159323,
    87.21650415683095,
    88.56428137809385,
    91.53846566743815,
    92.08926921286277,
    91.5742785427439,
    93.24594152514682,
    94.1912414833689,
    94.117695061192,
    95.01912987268832,
    95.26467013455922,
    94.63003106524205,
    95.05775820818955,
    95.11112878758715,
    95.68858211126836,
    96.11067501515402,
    96.2434031125819,
    96.37915030928241,
    96.3328459950301,
    96.67190513624266,
    96.39774012594884,
    96.54220250946412,
    96.76275188222452,
    96.70723006424056,
    97.5469453941017,
    97.02870691856056
  ],
  "train_recall": [
    80.90490797546013,
    87.19325153374233,
    88.55444785276073,
    91.5260736196319,
    92.06288343558282,
    91.56441717791411,
    93.23236196319019,
    94.1909509202454,
    94.11426380368098,
    95.01533742331289,
    95.26457055214725,
    94.6127300613497,
    95.0536809815951,
    95.1111963190184,
    95.68634969325154,
    96.10812883435584,
    96.24233128834356,
    96.37653374233128,
    96.31901840490798,
    96.66411042944786,
    96.3957055214724,
    96.52990797546013,
    96.75996932515338,
    96.70245398773007,
    97.54601226993866,
    97.02837423312883
  ],
  "val_loss": [
    0.6005772352218628,
    7.071570873260498,
    0.7693705558776855,
    0.9403945207595825,
    0.5214221477508545,
    0.6226209402084351,
    0.6032865047454834,
    0.5062098503112793,
    1.2182590961456299,
    0.30433064699172974,
    0.5814568996429443,
    0.3544713258743286,
    0.2661464214324951,
    0.38379794359207153,
    0.49327173829078674,
    0.3819311261177063,
    0.2917588949203491,
    0.3400390148162842,
    0.4836495518684387,
    0.8362894058227539,
    0.29112350940704346,
    0.3504794239997864,
    0.21193721890449524,
    0.526628315448761,
    0.3057001829147339,
    0.12007410824298859
  ],
  "val_acc": [
    81.25,
    62.5,
    62.5,
    62.5,
    75.0,
    68.75,
    81.25,
    75.0,
    62.5,
    81.25,
    81.25,
    81.25,
    87.5,
    81.25,
    81.25,
    75.0,
    93.75,
    81.25,
    75.0,
    62.5,
    75.0,
    75.0,
    87.5,
    81.25,
    93.75,
    100.0
  ],
  "val_precision": [
    86.36363636363636,
    78.57142857142857,
    66.66666666666667,
    66.66666666666667,
    83.33333333333333,
    69.04761904761905,
    81.74603174603175,
    75.0,
    78.57142857142857,
    81.74603174603175,
    86.36363636363636,
    81.74603174603175,
    87.5,
    81.74603174603175,
    86.36363636363636,
    76.66666666666666,
    94.44444444444444,
    86.36363636363636,
    75.0,
    78.57142857142857,
    75.0,
    76.66666666666666,
    90.0,
    86.36363636363636,
    94.44444444444444,
    100.0
  ],
  "val_recall": [
    81.25,
    62.5,
    62.5,
    62.5,
    75.0,
    68.75,
    81.25,
    75.0,
    62.5,
    81.25,
    81.25,
    81.25,
    87.5,
    81.25,
    81.25,
    75.0,
    93.75,
    81.25,
    75.0,
    62.5,
    75.0,
    75.0,
    87.5,
    81.25,
    93.75,
    100.0
  ],
  "learning_rates": [
    0.001,
    0.0009990143508499217,
    0.0009960612933065818,
    0.00099115248173898,
    0.0009843072889837512,
    0.0009755527298894294,
    0.0009649233547011816,
    0.0009524611127067769,
    0.0009382151866819099,
    0.0009222417987882566,
    0.0009046039886902864,
    0.0008853713647665069,
    0.0008646198293969952,
    0.0008424312794113801,
    0.0008188932828794706,
    0.0007940987335200906,
    0.0007681454840920089,
    0.0007411359602138069,
    0.0007131767561367538,
    0.0006843782140659967,
    0.0006548539886902863,
    0.0006247205986388449,
    0.0005940969666355696,
    0.0005631039501653701,
    0.0005318638645048921,
    0.0005005
  ]
}