{
  "train_loss": [
    3.6132310066223146,
    2.4655486097335815,
    1.773115451335907,
    1.462411515235901,
    1.2697683265209199,
    1.1956911065578462,
    0.9775724835395813,
    0.9735760045051575,
    0.9257582530975342,
    1.3230438210964204,
    0.7935944230556488,
    0.7611909954547882,
    0.7219772715568542,
    0.7038161848783493,
    0.6157421562671661,
    0.6979561945199967,
    0.558797014594078,
    0.5729857040643692,
    0.6078516262173652,
    0.5624960180521011,
    0.6259270399808884,
    0.445076034963131,
    0.44952444529533386,
    0.49997113037109375,
    0.5490678515434265,
    0.4238925768136978,
    0.5716739183664322,
    0.46625701981782913,
    0.4755566506385803,
    0.42121161913871763,
    0.4135464584827423,
    0.40139999955892564,
    0.412174074113369,
    0.34470791155099867,
    0.3482997985780239,
    0.33902407082915303,
    0.3500307773053646,
    0.34936494594812395,
    0.364212210804224,
    0.32625056122243407,
    0.28008114275336266,
    0.32275014543533326,
    0.3235783814191818,
    0.2505741170346737,
    0.27947827118635177,
    0.27435348635911944,
    0.3812446459531784,
    0.30152093528211116,
    0.2408395633250475,
    0.27006505489349364,
    0.25122347931563854,
    0.2534817791879177,
    0.24684580489993097,
    0.2369822986871004,
    0.2538524975925684,
    0.23619580937922,
    0.22783532759547234,
    0.26593184036016465,
    0.28691762770712376,
    0.2789409347474575,
    0.3014529969394207,
    0.28379523384571076,
    0.30813564616441724,
    0.28130719818919897,
    0.2983891826122999,
    0.2500263247787952,
    0.35001019477844236,
    0.3323786743283272,
    0.29951035560667516
  ],
  "train_acc": [
    38.775,
    49.275,
    56.025,
    61.95,
    63.625,
    66.8,
    71.95,
    74.2,
    76.55,
    72.6,
    77.1,
    78.35,
    80.1,
    80.4,
    81.35,
    81.275,
    83.525,
    83.375,
    83.875,
    84.2,
    84.325,
    85.65,
    86.2,
    85.825,
    86.75,
    86.5,
    86.575,
    87.025,
    87.575,
    89.125,
    89.15,
    88.775,
    89.25,
    90.225,
    89.725,
    90.225,
    90.05,
    90.9,
    91.15,
    91.2,
    91.35,
    91.55,
    92.5,
    92.5,
    92.15,
    91.875,
    91.3,
    92.275,
    92.475,
    92.825,
    92.15,
    92.125,
    92.45,
    92.3,
    92.675,
    93.0,
    92.4,
    92.45,
    92.275,
    92.125,
    92.025,
    91.85,
    91.25,
    91.9,
    91.125,
    92.275,
    90.7,
    90.8,
    92.3
  ],
  "train_precision": [
    39.97256495215463,
    49.255673661713175,
    56.15838745544289,
    61.826397241559974,
    63.60053454941519,
    66.8975160263665,
    71.9364298544557,
    74.44709008024533,
    76.60559036048444,
    72.73775128720249,
    77.11865403285015,
    78.4770282744191,
    80.14273019918653,
    80.71695072676486,
    81.39059018159716,
    81.29010174717344,
    83.63118368148218,
    83.47629317222686,
    83.90371212175789,
    84.33618761374844,
    84.49272819892848,
    85.72790314674162,
    86.36056486044814,
    86.00673944955001,
    86.89768480084479,
    86.65894241942807,
    86.64186332391183,
    87.11080619072825,
    87.65584259803919,
    89.19950665663849,
    89.25958537536205,
    88.96029846952428,
    89.29503846198682,
    90.28691316072579,
    89.86967168442517,
    90.3191401616941,
    90.20587335406363,
    91.02037337306062,
    91.2361566138098,
    91.21946686531521,
    91.37489309504454,
    91.60632514195906,
    92.58313832879412,
    92.57370833918476,
    92.20862308067794,
    91.9117344232354,
    91.39393268492098,
    92.37112681880066,
    92.55210456056116,
    92.92851579534197,
    92.25017462789262,
    92.25600778969515,
    92.55518740104282,
    92.4302812234412,
    92.69614705175539,
    93.05872709065136,
    92.39499408714018,
    92.54711358695357,
    92.33039089388792,
    92.1467051064337,
    92.08225689535378,
    91.94321681470356,
    91.3005132695071,
    91.95253683432718,
    91.15845556393516,
    92.30675074779569,
    90.71367179983977,
    90.89431079740807,
    92.32554323993307
  ],
  "train_recall": [
    38.775,
    49.275000000000006,
    56.025000000000006,
    61.95,
    63.625,
    66.8,
    71.95,
    74.2,
    76.55,
    72.6,
    77.10000000000001,
    78.35,
    80.10000000000001,
    80.4,
    81.35,
    81.27499999999999,
    83.525,
    83.375,
    83.875,
    84.2,
    84.325,
    85.65,
    86.2,
    85.82499999999999,
    86.75,
    86.5,
    86.575,
    87.02499999999999,
    87.575,
    89.125,
    89.14999999999999,
    88.775,
    89.25,
    90.225,
    89.725,
    90.225,
    90.05,
    90.9,
    91.14999999999999,
    91.2,
    91.35,
    91.55,
    92.5,
    92.5,
    92.15,
    91.875,
    91.3,
    92.27499999999999,
    92.475,
    92.825,
    92.15,
    92.125,
    92.45,
    92.30000000000001,
    92.675,
    93.0,
    92.4,
    92.45,
    92.27499999999999,
    92.125,
    92.025,
    91.85,
    91.25,
    91.9,
    91.125,
    92.27499999999999,
    90.7,
    90.8,
    92.30000000000001
  ],
  "val_loss": [
    1.467650393024087,
    2.339376133064434,
    3.239700678503141,
    1.2327017713191886,
    3.309341118671,
    1.401021174620837,
    0.7667987078148144,
    1.3049025419168174,
    0.843734638299793,
    0.5400395933538675,
    0.4428098382486496,
    0.564116608351469,
    1.0221650009043515,
    0.7228694537188858,
    0.6656867987476289,
    0.42150138691067696,
    0.37035588128492236,
    0.32070519612170756,
    0.35858838399872184,
    0.28317204397171736,
    0.3273825325886719,
    0.3086469154804945,
    0.31195613951422274,
    0.35118313468501583,
    1.2122996523976326,
    0.2683845267165452,
    0.2949896727222949,
    0.2720390085305553,
    0.28344173441291787,
    0.2125926920925849,
    0.22714951809030026,
    0.2076343469175299,
    0.195627548644552,
    0.24606013360335055,
    0.19130335312729585,
    0.19985045601242746,
    0.18578286067031513,
    0.24127102700731484,
    0.19953800666007737,
    0.22640978952551905,
    0.20296512040192738,
    0.1856429086726621,
    0.18791347220223997,
    0.1779206508417701,
    0.1877320611902178,
    0.16122193777914617,
    0.17482045568340254,
    0.16189415962185194,
    0.15177732724373527,
    0.16658041545360902,
    0.16042639127772418,
    0.16802652951650998,
    0.1584504673810443,
    0.17433498297532424,
    0.1977997359292658,
    0.17726742113245564,
    0.15411200824246407,
    0.16802656053283727,
    0.14642874636501801,
    0.16257443440031238,
    0.16149199316248541,
    0.159451264400559,
    0.15885982762654294,
    0.4292458592399271,
    0.18088237170741195,
    0.15685936059003325,
    0.19084475007548463,
    0.19975926009465184,
    0.25733132983623364
  ],