{
  "train_loss": [
    2.5612368350262407,
    1.2723215655847029,
    1.1358832917013368,
    1.091519365256483,
    0.8258368142105482,
    0.4458586051018088,
    0.59804690978327,
    0.6872082118179415,
    0.4386540199076379,
    0.4922346252869893,
    0.38574083055649605,
    0.4780588195353121,
    0.36848957117620884,
    0.44274775659782695,
    0.3505577690169945
  ],
  "train_acc": [
    55.67709472763072,
    67.40319404944213,
    74.11944869831547,
    79.17304747320061,
    79.87311310435354,
    85.49551520455043,
    85.86742507110041,
    87.44257274119448,
    88.42704003500329,
    88.75519579960621,
    90.43972872456793,
    89.4990155327062,
    90.04594180704441,
    91.00853204987968,
    90.94290089695909
  ],
  "train_precision": [
    55.80906983776528,
    67.309858759807,
    74.72630678436528,
    79.26746178525215,
    79.94833238954425,
    85.49182062819582,
    85.82439421780332,
    87.40127284478677,
    88.43732179769934,
    88.73124599009653,
    90.43120229860729,
    89.45507209103414,
    90.03413309440934,
    90.9794977502039,
    90.93303859313333
  ],
  "train_recall": [
    55.67709472763072,
    67.40319404944213,
    74.11944869831547,
    79.17304747320061,
    79.87311310435354,
    85.49551520455043,
    85.86742507110041,
    87.4425727411945,
    88.42704003500327,
    88.75519579960621,
    90.43972872456793,
    89.4990155327062,
    90.0459418070444,
    91.00853204987968,
    90.94290089695909
  ],
  "val_loss": [
    2.0210153088490994,
    1.3823112331123815,
    0.4841990288760927,
    0.5181864985627018,
    0.7636237615499541,
    0.39373810635879636,
    0.4536468249474031,
    0.24754357984703448,
    0.41105567544905675,
    0.24299170218000654,
    0.3014532259500508,
    0.32367302040155566,
    0.28391591570754016,
    0.241866102674976,
    0.140377435944073
  ],
  "val_acc": [
    62.226117440841364,
    83.52322524101665,
    81.85801928133216,
    81.94566170026293,
    80.19281332164768,
    86.59070990359334,
    82.20858895705521,
    93.42681858019282,
    87.64241893076249,
    92.37510955302366,
    90.70990359333918,
    88.51884312007012,
    93.51446099912357,
    91.5863277826468,
    95.96844872918493
  ],
  "val_precision": [
    65.21728980301029,
    84.122127222987,
    86.80489488294344,
    84.09359380220879,
    86.36908361751826,
    88.37784068317497,
    87.83167462957485,
    93.59873918650395,
    90.5867015364029,
    92.65025406305298,
    91.37327219439506,
    90.20444576493705,
    93.64280816624971,
    92.29716765544585,
    96.10866142118056
  ],
  "val_recall": [
    62.226117440841364,
    83.52322524101665,
    81.85801928133216,
    81.94566170026293,
    80.19281332164768,
    86.59070990359335,
    82.20858895705521,
    93.42681858019282,
    87.64241893076249,
    92.37510955302366,
    90.70990359333918,
    88.51884312007012,
    93.51446099912357,
    91.5863277826468,
    95.96844872918493
  ],
  "learning_rates": [
    0.001,
    0.0009990143508499217,
    0.0009960612933065818,
    0.00099115248173898,
    0.0009843072889837512,
    0.0009755527298894294,
    0.0009649233547011816,
    0.0009524611127067769,
    0.0009382151866819099,
    0.0009222417987882566,
    0.0009046039886902864,
    0.0008853713647665069,
    0.0008646198293969952,
    0.0008424312794113801,
    0.0008188932828794706
  ]
}